customer_id,product_1,product_2,product_3,product_4,product_5,product_6,product_7
28634,Detergen - Rinso,Tisu Gulung - Nice,Kain Lap Meja - QuickWipe,Ember - AquaTuff,,,
62057,Pembersih Lantai - Wipol,Tisu Gulung - Nice,Keset - DoorMate,Pel Lantai - KleanPro,,,
43029,Spons Cuci - ScrubPro,Lap Serbaguna - MicroWipe,,,,,
46551,Kain Pel - SoftDry,Tempat Sampah - EcoBin,Keset - DoorMate,,,,
72621,Spons Cuci - ScrubPro,Pembersih Kaca - GlassBright,Sabun Cuci Tangan - Lifebuoy,,,,
85733,Kain Pel - SoftDry,Tempat Sampah - EcoBin,Sapu - SuperClean,Pembersih Serbaguna - Mr. Muscle,Sabun Cuci Tangan - Lifebuoy,,
71788,Sikat WC - ToiletMate,Sabun Cuci Piring - Sunlight,Pewangi Ruangan - FreshAir,Kain Pel - SoftDry,Pembersih Serbaguna - Mr. Muscle,Alat Pel Spray - SwifterJet,Pembersih Kaca - GlassBright
20897,Pewangi Ruangan - FreshAir,Detergen - Rinso,Kain Pel - SoftDry,Pembersih Lantai - Wipol,Sabun Cuci Tangan - Lifebuoy,,
84395,Ember - AquaTuff,Kain Pel - SoftDry,Pewangi Ruangan - FreshAir,Pel Lantai - KleanPro,Sapu - SuperClean,Sarung Tangan Karet - HandySafe,Keset - DoorMate
52572,Pembersih Lantai - Wipol,Pembersih Serbaguna - Mr. Muscle,Lap Serbaguna - MicroWipe,,,,
14792,Sapu - SuperClean,Pembersih Lantai - Wipol,Pembersih Serbaguna - Mr. Muscle,,,,
86941,Sarung Tangan Karet - HandySafe,Kain Lap Meja - QuickWipe,Sabun Cuci Tangan - Lifebuoy,Sikat WC - ToiletMate,Sapu - SuperClean,Pembersih Serbaguna - Mr. Muscle,
40944,Pembersih Serbaguna - Mr. Muscle,Pel Lantai - KleanPro,Sabun Cuci Piring - Sunlight,Kain Lap Meja - QuickWipe,Lap Serbaguna - MicroWipe,Tempat Sampah - EcoBin,Keset - DoorMate
72676,Alat Pel Spray - SwifterJet,Sarung Tangan Karet - HandySafe,Spons Cuci - ScrubPro,Tempat Sampah - EcoBin,,,
94693,Spons Cuci - ScrubPro,Alat Pel Spray - SwifterJet,Detergen - Rinso,Pembersih Lantai - Wipol,Sikat WC - ToiletMate,Pembersih Serbaguna - Mr. Muscle,Lap Serbaguna - MicroWipe
42183,Pewangi Ruangan - FreshAir,Sarung Tangan Karet - HandySafe,Tempat Sampah - EcoBin,Pembersih Serbaguna - Mr. Muscle,Alat Pel Spray - SwifterJet,Lap Serbaguna - MicroWipe,
42415,Sapu - SuperClean,Alat Pel Spray - SwifterJet,Kain Lap Meja - QuickWipe,Tisu Gulung - Nice,Sabun Cuci Tangan - Lifebuoy,,
29389,Kain Lap Meja - QuickWipe,Pembersih Serbaguna - Mr. Muscle,Sapu - SuperClean,Detergen - Rinso,,,
57956,Sapu - SuperClean,Pembersih Lantai - Wipol,Ember - AquaTuff,Pel Lantai - KleanPro,Sarung Tangan Karet - HandySafe,,
49080,Sabun Cuci Piring - Sunlight,Tisu Gulung - Nice,Pembersih Lantai - Wipol,Detergen - Rinso,Pembersih Serbaguna - Mr. Muscle,Sarung Tangan Karet - HandySafe,
42986,Sarung Tangan Karet - HandySafe,Kain Pel - SoftDry,Pembersih Lantai - Wipol,Lap Serbaguna - MicroWipe,Keset - DoorMate,,
35327,Sabun Cuci Piring - Sunlight,Ember - AquaTuff,Pel Lantai - KleanPro,Sikat WC - ToiletMate,Sapu - SuperClean,,
86833,Alat Pel Spray - SwifterJet,Kain Lap Meja - QuickWipe,Sabun Cuci Tangan - Lifebuoy,Pel Lantai - KleanPro,Pembersih Kaca - GlassBright,Lap Serbaguna - MicroWipe,Keset - DoorMate
97024,Pewangi Ruangan - FreshAir,Keset - DoorMate,Ember - AquaTuff,Tisu Gulung - Nice,Sapu - SuperClean,Pembersih Kaca - GlassBright,
20842,Pembersih Kaca - GlassBright,Pembersih Lantai - Wipol,Kain Lap Meja - QuickWipe,Pewangi Ruangan - FreshAir,Spons Cuci - ScrubPro,,
92090,Sabun Cuci Tangan - Lifebuoy,Pewangi Ruangan - FreshAir,Tisu Gulung - Nice,Detergen - Rinso,Lap Serbaguna - MicroWipe,,
90092,Spons Cuci - ScrubPro,Kain Lap Meja - QuickWipe,Sabun Cuci Tangan - Lifebuoy,Keset - DoorMate,Kain Pel - SoftDry,Sabun Cuci Piring - Sunlight,
86743,Spons Cuci - ScrubPro,Sabun Cuci Tangan - Lifebuoy,Pel Lantai - KleanPro,Tisu Gulung - Nice,Pembersih Kaca - GlassBright,Kain Lap Meja - QuickWipe,
30844,Pewangi Ruangan - FreshAir,Alat Pel Spray - SwifterJet,Kain Pel - SoftDry,Detergen - Rinso,Pembersih Lantai - Wipol,,
51101,Pewangi Ruangan - FreshAir,Tempat Sampah - EcoBin,Sabun Cuci Piring - Sunlight,Detergen - Rinso,Sapu - SuperClean,Tisu Gulung - Nice,
74620,Keset - DoorMate,Spons Cuci - ScrubPro,Sabun Cuci Tangan - Lifebuoy,,,,
85809,Tempat Sampah - EcoBin,Tisu Gulung - Nice,Sabun Cuci Piring - Sunlight,,,,
86456,Lap Serbaguna - MicroWipe,Pembersih Serbaguna - Mr. Muscle,Tempat Sampah - EcoBin,Tisu Gulung - Nice,Sabun Cuci Piring - Sunlight,Alat Pel Spray - SwifterJet,
10252,Pewangi Ruangan - FreshAir,Spons Cuci - ScrubPro,Kain Pel - SoftDry,Alat Pel Spray - SwifterJet,Sabun Cuci Piring - Sunlight,Sikat WC - ToiletMate,
60073,Ember - AquaTuff,Sabun Cuci Piring - Sunlight,Sarung Tangan Karet - HandySafe,,,,
59124,Sapu - SuperClean,Pewangi Ruangan - FreshAir,Sabun Cuci Tangan - Lifebuoy,Spons Cuci - ScrubPro,Kain Pel - SoftDry,Lap Serbaguna - MicroWipe,
23991,Spons Cuci - ScrubPro,Sarung Tangan Karet - HandySafe,,,,,
28652,Sabun Cuci Tangan - Lifebuoy,Spons Cuci - ScrubPro,Kain Pel - SoftDry,,,,
78459,Kain Pel - SoftDry,Pewangi Ruangan - FreshAir,Sarung Tangan Karet - HandySafe,Kain Lap Meja - QuickWipe,Pembersih Serbaguna - Mr. Muscle,Sabun Cuci Tangan - Lifebuoy,Spons Cuci - ScrubPro
99815,Alat Pel Spray - SwifterJet,Pembersih Kaca - GlassBright,Pel Lantai - KleanPro,Kain Lap Meja - QuickWipe,Ember - AquaTuff,Kain Pel - SoftDry,Pembersih Lantai - Wipol
56864,Tempat Sampah - EcoBin,Ember - AquaTuff,Pembersih Serbaguna - Mr. Muscle,Spons Cuci - ScrubPro,Sarung Tangan Karet - HandySafe,Sabun Cuci Tangan - Lifebuoy,Sikat WC - ToiletMate
45929,Sabun Cuci Piring - Sunlight,Sabun Cuci Tangan - Lifebuoy,Pembersih Lantai - Wipol,Tisu Gulung - Nice,Pembersih Serbaguna - Mr. Muscle,,
48285,Kain Lap Meja - QuickWipe,Spons Cuci - ScrubPro,Alat Pel Spray - SwifterJet,Lap Serbaguna - MicroWipe,,,
81386,Spons Cuci - ScrubPro,Sabun Cuci Piring - Sunlight,Kain Pel - SoftDry,Keset - DoorMate,Pembersih Lantai - Wipol,Sapu - SuperClean,Pewangi Ruangan - FreshAir
62143,Spons Cuci - ScrubPro,Keset - DoorMate,Pembersih Serbaguna - Mr. Muscle,Sikat WC - ToiletMate,Ember - AquaTuff,,
32105,Kain Lap Meja - QuickWipe,Pembersih Serbaguna - Mr. Muscle,,,,,
36826,Sabun Cuci Tangan - Lifebuoy,Lap Serbaguna - MicroWipe,,,,,
43546,Tisu Gulung - Nice,Pembersih Lantai - Wipol,Ember - AquaTuff,Pel Lantai - KleanPro,Pewangi Ruangan - FreshAir,,
64417,Kain Lap Meja - QuickWipe,Kain Pel - SoftDry,,,,,
34641,Kain Lap Meja - QuickWipe,Keset - DoorMate,Ember - AquaTuff,Sikat WC - ToiletMate,,,
65958,Pembersih Serbaguna - Mr. Muscle,Sapu - SuperClean,Ember - AquaTuff,Detergen - Rinso,Lap Serbaguna - MicroWipe,,
89201,Pembersih Lantai - Wipol,Detergen - Rinso,Tempat Sampah - EcoBin,,,,
50151,Kain Pel - SoftDry,Sabun Cuci Piring - Sunlight,Sabun Cuci Tangan - Lifebuoy,Sikat WC - ToiletMate,Tisu Gulung - Nice,,
38692,Sapu - SuperClean,Pembersih Serbaguna - Mr. Muscle,Lap Serbaguna - MicroWipe,,,,
79496,Sikat WC - ToiletMate,Sarung Tangan Karet - HandySafe,Spons Cuci - ScrubPro,Pembersih Kaca - GlassBright,Ember - AquaTuff,Pembersih Serbaguna - Mr. Muscle,Keset - DoorMate
67820,Sabun Cuci Tangan - Lifebuoy,Pembersih Kaca - GlassBright,Keset - DoorMate,,,,
90364,Kain Lap Meja - QuickWipe,Spons Cuci - ScrubPro,Detergen - Rinso,Pembersih Kaca - GlassBright,,,
29977,Pembersih Kaca - GlassBright,Spons Cuci - ScrubPro,Keset - DoorMate,Pembersih Serbaguna - Mr. Muscle,Sarung Tangan Karet - HandySafe,Sikat WC - ToiletMate,
87473,Sarung Tangan Karet - HandySafe,Detergen - Rinso,Keset - DoorMate,,,,
66339,Tisu Gulung - Nice,Ember - AquaTuff,Sikat WC - ToiletMate,Pewangi Ruangan - FreshAir,Sapu - SuperClean,Kain Lap Meja - QuickWipe,Lap Serbaguna - MicroWipe
60864,Kain Pel - SoftDry,Keset - DoorMate,Sapu - SuperClean,Pembersih Kaca - GlassBright,Ember - AquaTuff,Lap Serbaguna - MicroWipe,Sabun Cuci Piring - Sunlight
93899,Tisu Gulung - Nice,Pel Lantai - KleanPro,Keset - DoorMate,Pembersih Lantai - Wipol,Sabun Cuci Tangan - Lifebuoy,Pembersih Kaca - GlassBright,
19939,Sabun Cuci Piring - Sunlight,Kain Pel - SoftDry,Spons Cuci - ScrubPro,Sikat WC - ToiletMate,Pembersih Serbaguna - Mr. Muscle,,
36482,Pembersih Serbaguna - Mr. Muscle,Sikat WC - ToiletMate,Sapu - SuperClean,,,,
67077,Sarung Tangan Karet - HandySafe,Lap Serbaguna - MicroWipe,Keset - DoorMate,Ember - AquaTuff,Sikat WC - ToiletMate,Tisu Gulung - Nice,Sapu - SuperClean
25291,Spons Cuci - ScrubPro,Sapu - SuperClean,Tempat Sampah - EcoBin,,,,
99290,Lap Serbaguna - MicroWipe,Pembersih Serbaguna - Mr. Muscle,Spons Cuci - ScrubPro,Kain Lap Meja - QuickWipe,Ember - AquaTuff,Detergen - Rinso,Pewangi Ruangan - FreshAir
27129,Pel Lantai - KleanPro,Sabun Cuci Tangan - Lifebuoy,,,,,
98426,Pembersih Kaca - GlassBright,Sabun Cuci Piring - Sunlight,Sikat WC - ToiletMate,Sarung Tangan Karet - HandySafe,,,
34285,Sabun Cuci Piring - Sunlight,Tisu Gulung - Nice,Sikat WC - ToiletMate,Lap Serbaguna - MicroWipe,Sabun Cuci Tangan - Lifebuoy,Alat Pel Spray - SwifterJet,Detergen - Rinso
41854,Keset - DoorMate,Pembersih Serbaguna - Mr. Muscle,Sabun Cuci Tangan - Lifebuoy,,,,
35730,Pembersih Serbaguna - Mr. Muscle,Kain Lap Meja - QuickWipe,,,,,
37757,Tempat Sampah - EcoBin,Alat Pel Spray - SwifterJet,Ember - AquaTuff,Kain Pel - SoftDry,Kain Lap Meja - QuickWipe,,
68890,Kain Pel - SoftDry,Detergen - Rinso,Sarung Tangan Karet - HandySafe,Keset - DoorMate,,,
64898,Lap Serbaguna - MicroWipe,Tempat Sampah - EcoBin,Pewangi Ruangan - FreshAir,Pembersih Serbaguna - Mr. Muscle,Pembersih Kaca - GlassBright,Ember - AquaTuff,
24658,Ember - AquaTuff,Kain Lap Meja - QuickWipe,,,,,
74615,Alat Pel Spray - SwifterJet,Sabun Cuci Tangan - Lifebuoy,Pembersih Serbaguna - Mr. Muscle,Kain Pel - SoftDry,Pel Lantai - KleanPro,,
93215,Sapu - SuperClean,Pel Lantai - KleanPro,,,,,
16053,Kain Lap Meja - QuickWipe,Ember - AquaTuff,Pembersih Kaca - GlassBright,,,,
25893,Tisu Gulung - Nice,Sikat WC - ToiletMate,Lap Serbaguna - MicroWipe,Pel Lantai - KleanPro,Spons Cuci - ScrubPro,,
11303,Tisu Gulung - Nice,Spons Cuci - ScrubPro,Sarung Tangan Karet - HandySafe,Sabun Cuci Tangan - Lifebuoy,,,
41508,Ember - AquaTuff,Alat Pel Spray - SwifterJet,Kain Pel - SoftDry,Pewangi Ruangan - FreshAir,,,
69333,Kain Lap Meja - QuickWipe,Lap Serbaguna - MicroWipe,Sabun Cuci Tangan - Lifebuoy,,,,
87747,Sabun Cuci Piring - Sunlight,Pewangi Ruangan - FreshAir,Pel Lantai - KleanPro,Sarung Tangan Karet - HandySafe,,,
33112,Sabun Cuci Tangan - Lifebuoy,Lap Serbaguna - MicroWipe,Tisu Gulung - Nice,Pembersih Lantai - Wipol,Alat Pel Spray - SwifterJet,Pembersih Kaca - GlassBright,
91063,Detergen - Rinso,Tempat Sampah - EcoBin,Pembersih Serbaguna - Mr. Muscle,Kain Pel - SoftDry,Pel Lantai - KleanPro,,
72889,Ember - AquaTuff,Spons Cuci - ScrubPro,Sabun Cuci Piring - Sunlight,Alat Pel Spray - SwifterJet,Sarung Tangan Karet - HandySafe,Tisu Gulung - Nice,
99729,Pembersih Serbaguna - Mr. Muscle,Pel Lantai - KleanPro,Sikat WC - ToiletMate,Spons Cuci - ScrubPro,Kain Pel - SoftDry,Sabun Cuci Tangan - Lifebuoy,Pembersih Lantai - Wipol
57787,Pembersih Lantai - Wipol,Pembersih Kaca - GlassBright,Kain Lap Meja - QuickWipe,Pel Lantai - KleanPro,,,
20429,Spons Cuci - ScrubPro,Ember - AquaTuff,Tempat Sampah - EcoBin,Pel Lantai - KleanPro,Sarung Tangan Karet - HandySafe,Sabun Cuci Tangan - Lifebuoy,Sapu - SuperClean
60235,Kain Pel - SoftDry,Ember - AquaTuff,Pembersih Kaca - GlassBright,Sikat WC - ToiletMate,,,
66695,Sarung Tangan Karet - HandySafe,Spons Cuci - ScrubPro,,,,,
28653,Sabun Cuci Tangan - Lifebuoy,Kain Pel - SoftDry,Kain Lap Meja - QuickWipe,,,,
99800,Pembersih Serbaguna - Mr. Muscle,Detergen - Rinso,Sarung Tangan Karet - HandySafe,Sapu - SuperClean,,,
20424,Keset - DoorMate,Sapu - SuperClean,Sarung Tangan Karet - HandySafe,,,,
57874,Kain Pel - SoftDry,Detergen - Rinso,,,,,
76583,Lap Serbaguna - MicroWipe,Detergen - Rinso,,,,,
2.86E+04,Pel Lantai - KleanPro,Sapu - SuperClean,,,,,
56463,Pembersih Serbaguna - Mr. Muscle,Pembersih Kaca - GlassBright,Keset - DoorMate,Pembersih Lantai - Wipol,Sabun Cuci Tangan - Lifebuoy,Sikat WC - ToiletMate,Ember - AquaTuff
89896,Sarung Tangan Karet - HandySafe,Lap Serbaguna - MicroWipe,,,,,
46115,Kain Pel - SoftDry,Spons Cuci - ScrubPro,Pembersih Serbaguna - Mr. Muscle,,,,
72801,Pel Lantai - KleanPro,Sabun Cuci Piring - Sunlight,Kain Lap Meja - QuickWipe,Lap Serbaguna - MicroWipe,,,
22904,Pel Lantai - KleanPro,Pembersih Serbaguna - Mr. Muscle,Pewangi Ruangan - FreshAir,,,,
37801,Sarung Tangan Karet - HandySafe,Ember - AquaTuff,,,,,
37259,Sikat WC - ToiletMate,Detergen - Rinso,Pewangi Ruangan - FreshAir,Tisu Gulung - Nice,Pembersih Lantai - Wipol,Pembersih Serbaguna - Mr. Muscle,Tempat Sampah - EcoBin
18006,Sikat WC - ToiletMate,Spons Cuci - ScrubPro,,,,,
98057,Tempat Sampah - EcoBin,Pembersih Lantai - Wipol,Alat Pel Spray - SwifterJet,Sarung Tangan Karet - HandySafe,Spons Cuci - ScrubPro,,
85426,Ember - AquaTuff,Tisu Gulung - Nice,Pewangi Ruangan - FreshAir,Spons Cuci - ScrubPro,Sikat WC - ToiletMate,,
74691,Pembersih Lantai - Wipol,Tempat Sampah - EcoBin,Kain Pel - SoftDry,,,,
81900,Lap Serbaguna - MicroWipe,Pembersih Lantai - Wipol,Kain Pel - SoftDry,Spons Cuci - ScrubPro,Sabun Cuci Piring - Sunlight,,
39844,Pembersih Lantai - Wipol,Sikat WC - ToiletMate,,,,,
43043,Spons Cuci - ScrubPro,Sabun Cuci Tangan - Lifebuoy,Pewangi Ruangan - FreshAir,Pembersih Kaca - GlassBright,Lap Serbaguna - MicroWipe,Keset - DoorMate,Alat Pel Spray - SwifterJet
48132,Keset - DoorMate,Sarung Tangan Karet - HandySafe,Tisu Gulung - Nice,Detergen - Rinso,,,
29121,Detergen - Rinso,Sapu - SuperClean,Lap Serbaguna - MicroWipe,Pembersih Serbaguna - Mr. Muscle,,,
11451,Pembersih Serbaguna - Mr. Muscle,Keset - DoorMate,Pembersih Lantai - Wipol,Sabun Cuci Piring - Sunlight,Ember - AquaTuff,,
2.92E+04,Sapu - SuperClean,Pembersih Lantai - Wipol,Tisu Gulung - Nice,,,,
89116,Kain Lap Meja - QuickWipe,Kain Pel - SoftDry,,,,,
92543,Tisu Gulung - Nice,Kain Pel - SoftDry,Keset - DoorMate,,,,
90577,Pembersih Kaca - GlassBright,Kain Lap Meja - QuickWipe,Sapu - SuperClean,Sabun Cuci Tangan - Lifebuoy,Keset - DoorMate,Spons Cuci - ScrubPro,Pembersih Serbaguna - Mr. Muscle
19551,Sabun Cuci Tangan - Lifebuoy,Tisu Gulung - Nice,Kain Pel - SoftDry,,,,
67710,Pembersih Lantai - Wipol,Kain Pel - SoftDry,Pewangi Ruangan - FreshAir,,,,
73438,Pel Lantai - KleanPro,Sabun Cuci Piring - Sunlight,Sabun Cuci Tangan - Lifebuoy,Sapu - SuperClean,Kain Lap Meja - QuickWipe,,
45839,Sarung Tangan Karet - HandySafe,Spons Cuci - ScrubPro,,,,,
58630,Tisu Gulung - Nice,Sikat WC - ToiletMate,Kain Lap Meja - QuickWipe,Keset - DoorMate,Sapu - SuperClean,Sabun Cuci Tangan - Lifebuoy,
87497,Sabun Cuci Piring - Sunlight,Sapu - SuperClean,Kain Pel - SoftDry,Pembersih Serbaguna - Mr. Muscle,Tempat Sampah - EcoBin,,
12820,Ember - AquaTuff,Sabun Cuci Piring - Sunlight,Keset - DoorMate,Pembersih Lantai - Wipol,Pel Lantai - KleanPro,,
99397,Sabun Cuci Piring - Sunlight,Pewangi Ruangan - FreshAir,Pembersih Kaca - GlassBright,Pembersih Lantai - Wipol,Spons Cuci - ScrubPro,,
86985,Pembersih Serbaguna - Mr. Muscle,Lap Serbaguna - MicroWipe,Tisu Gulung - Nice,Alat Pel Spray - SwifterJet,,,
62391,Ember - AquaTuff,Pel Lantai - KleanPro,,,,,
12599,Sikat WC - ToiletMate,Keset - DoorMate,,,,,
48478,Keset - DoorMate,Lap Serbaguna - MicroWipe,Tisu Gulung - Nice,Kain Lap Meja - QuickWipe,,,
33153,Keset - DoorMate,Pel Lantai - KleanPro,Pembersih Lantai - Wipol,,,,
72488,Pembersih Kaca - GlassBright,Detergen - Rinso,Lap Serbaguna - MicroWipe,Tisu Gulung - Nice,Keset - DoorMate,Alat Pel Spray - SwifterJet,
26584,Lap Serbaguna - MicroWipe,Pel Lantai - KleanPro,Detergen - Rinso,,,,
51676,Pewangi Ruangan - FreshAir,Tisu Gulung - Nice,,,,,
25301,Kain Pel - SoftDry,Pel Lantai - KleanPro,Tempat Sampah - EcoBin,Alat Pel Spray - SwifterJet,Sarung Tangan Karet - HandySafe,,
19628,Pewangi Ruangan - FreshAir,Pembersih Lantai - Wipol,Keset - DoorMate,Tempat Sampah - EcoBin,,,
33601,Tisu Gulung - Nice,Kain Pel - SoftDry,Sabun Cuci Piring - Sunlight,,,,
30182,Lap Serbaguna - MicroWipe,Detergen - Rinso,Tempat Sampah - EcoBin,Sapu - SuperClean,Ember - AquaTuff,,
65063,Tisu Gulung - Nice,Keset - DoorMate,Sabun Cuci Tangan - Lifebuoy,Detergen - Rinso,Pewangi Ruangan - FreshAir,,
69041,Detergen - Rinso,Sarung Tangan Karet - HandySafe,Kain Pel - SoftDry,Sabun Cuci Tangan - Lifebuoy,Pel Lantai - KleanPro,,
51906,Sarung Tangan Karet - HandySafe,Alat Pel Spray - SwifterJet,Sikat WC - ToiletMate,Sabun Cuci Piring - Sunlight,Pewangi Ruangan - FreshAir,,
15966,Lap Serbaguna - MicroWipe,Ember - AquaTuff,Pembersih Serbaguna - Mr. Muscle,Sapu - SuperClean,Sarung Tangan Karet - HandySafe,,
21865,Pembersih Lantai - Wipol,Sikat WC - ToiletMate,Kain Pel - SoftDry,Keset - DoorMate,Pembersih Kaca - GlassBright,,
86017,Ember - AquaTuff,Keset - DoorMate,Pembersih Kaca - GlassBright,Sabun Cuci Piring - Sunlight,Sikat WC - ToiletMate,,
53356,Kain Pel - SoftDry,Sabun Cuci Tangan - Lifebuoy,,,,,
28605,Detergen - Rinso,Kain Pel - SoftDry,Spons Cuci - ScrubPro,,,,
75979,Pembersih Serbaguna - Mr. Muscle,Alat Pel Spray - SwifterJet,Lap Serbaguna - MicroWipe,Tisu Gulung - Nice,Sabun Cuci Tangan - Lifebuoy,Keset - DoorMate,
64302,Pel Lantai - KleanPro,Tisu Gulung - Nice,,,,,
52843,Pel Lantai - KleanPro,Tempat Sampah - EcoBin,Sabun Cuci Tangan - Lifebuoy,Detergen - Rinso,Kain Lap Meja - QuickWipe,Keset - DoorMate,
51703,Pewangi Ruangan - FreshAir,Sapu - SuperClean,Pembersih Lantai - Wipol,Detergen - Rinso,Kain Pel - SoftDry,,
47051,Pembersih Lantai - Wipol,Tempat Sampah - EcoBin,Spons Cuci - ScrubPro,,,,
75242,Kain Pel - SoftDry,Pewangi Ruangan - FreshAir,Detergen - Rinso,Tempat Sampah - EcoBin,Sikat WC - ToiletMate,,
10297,Pel Lantai - KleanPro,Pembersih Kaca - GlassBright,Kain Pel - SoftDry,Lap Serbaguna - MicroWipe,Sarung Tangan Karet - HandySafe,,
50076,Tempat Sampah - EcoBin,Spons Cuci - ScrubPro,Kain Lap Meja - QuickWipe,Sikat WC - ToiletMate,Pembersih Lantai - Wipol,,
16456,Tempat Sampah - EcoBin,Pewangi Ruangan - FreshAir,Kain Pel - SoftDry,Pel Lantai - KleanPro,Alat Pel Spray - SwifterJet,Lap Serbaguna - MicroWipe,Pembersih Serbaguna - Mr. Muscle
68451,Sapu - SuperClean,Tisu Gulung - Nice,Pembersih Kaca - GlassBright,Sabun Cuci Piring - Sunlight,Sikat WC - ToiletMate,,
67334,Pewangi Ruangan - FreshAir,Kain Pel - SoftDry,Pembersih Serbaguna - Mr. Muscle,Tempat Sampah - EcoBin,,,
19038,Alat Pel Spray - SwifterJet,Detergen - Rinso,Sarung Tangan Karet - HandySafe,Spons Cuci - ScrubPro,Sabun Cuci Tangan - Lifebuoy,,
92953,Sabun Cuci Tangan - Lifebuoy,Kain Pel - SoftDry,,,,,
12641,Kain Lap Meja - QuickWipe,Sabun Cuci Piring - Sunlight,Sapu - SuperClean,Pembersih Serbaguna - Mr. Muscle,Spons Cuci - ScrubPro,Sikat WC - ToiletMate,Keset - DoorMate
53065,Pembersih Lantai - Wipol,Tisu Gulung - Nice,Kain Lap Meja - QuickWipe,Sapu - SuperClean,Pembersih Kaca - GlassBright,Sikat WC - ToiletMate,
83273,Sarung Tangan Karet - HandySafe,Sabun Cuci Tangan - Lifebuoy,Tisu Gulung - Nice,Sabun Cuci Piring - Sunlight,Keset - DoorMate,Sikat WC - ToiletMate,
1.14E+04,Pembersih Serbaguna - Mr. Muscle,Keset - DoorMate,Lap Serbaguna - MicroWipe,Sikat WC - ToiletMate,,,
86977,Sikat WC - ToiletMate,Pembersih Kaca - GlassBright,Lap Serbaguna - MicroWipe,Kain Lap Meja - QuickWipe,Detergen - Rinso,,
68992,Lap Serbaguna - MicroWipe,Alat Pel Spray - SwifterJet,Kain Lap Meja - QuickWipe,,,,
90955,Sarung Tangan Karet - HandySafe,Spons Cuci - ScrubPro,Pewangi Ruangan - FreshAir,Tempat Sampah - EcoBin,Ember - AquaTuff,Pembersih Lantai - Wipol,
32050,Sikat WC - ToiletMate,Sapu - SuperClean,Pewangi Ruangan - FreshAir,Pel Lantai - KleanPro,,,
98376,Pembersih Kaca - GlassBright,Tempat Sampah - EcoBin,Pembersih Serbaguna - Mr. Muscle,Pel Lantai - KleanPro,Sabun Cuci Piring - Sunlight,Sikat WC - ToiletMate,Pembersih Lantai - Wipol
53898,Pewangi Ruangan - FreshAir,Ember - AquaTuff,Sapu - SuperClean,Detergen - Rinso,Tempat Sampah - EcoBin,Alat Pel Spray - SwifterJet,
33839,Pembersih Lantai - Wipol,Sarung Tangan Karet - HandySafe,Sikat WC - ToiletMate,Alat Pel Spray - SwifterJet,,,
61633,Lap Serbaguna - MicroWipe,Kain Lap Meja - QuickWipe,Detergen - Rinso,Sabun Cuci Tangan - Lifebuoy,Alat Pel Spray - SwifterJet,,
74074,Detergen - Rinso,Sarung Tangan Karet - HandySafe,Sabun Cuci Tangan - Lifebuoy,Sapu - SuperClean,Pembersih Serbaguna - Mr. Muscle,Spons Cuci - ScrubPro,Keset - DoorMate
85650,Pembersih Serbaguna - Mr. Muscle,Pel Lantai - KleanPro,Sabun Cuci Tangan - Lifebuoy,Ember - AquaTuff,Kain Lap Meja - QuickWipe,Sabun Cuci Piring - Sunlight,
12985,Sikat WC - ToiletMate,Kain Lap Meja - QuickWipe,Detergen - Rinso,Pembersih Kaca - GlassBright,Sabun Cuci Tangan - Lifebuoy,Sapu - SuperClean,Sarung Tangan Karet - HandySafe
45651,Sabun Cuci Piring - Sunlight,Pel Lantai - KleanPro,Kain Pel - SoftDry,Sikat WC - ToiletMate,Spons Cuci - ScrubPro,,
70558,Pembersih Serbaguna - Mr. Muscle,Sabun Cuci Tangan - Lifebuoy,Spons Cuci - ScrubPro,Alat Pel Spray - SwifterJet,Lap Serbaguna - MicroWipe,Keset - DoorMate,Kain Lap Meja - QuickWipe
63769,Kain Pel - SoftDry,Pembersih Serbaguna - Mr. Muscle,Detergen - Rinso,,,,
71900,Keset - DoorMate,Pel Lantai - KleanPro,,,,,
26522,Sabun Cuci Tangan - Lifebuoy,Tempat Sampah - EcoBin,Tisu Gulung - Nice,Sapu - SuperClean,Sarung Tangan Karet - HandySafe,,
93512,Pembersih Kaca - GlassBright,Kain Pel - SoftDry,Lap Serbaguna - MicroWipe,,,,
11770,Ember - AquaTuff,Tisu Gulung - Nice,Sabun Cuci Piring - Sunlight,,,,
36922,Tisu Gulung - Nice,Ember - AquaTuff,Pewangi Ruangan - FreshAir,Spons Cuci - ScrubPro,Pel Lantai - KleanPro,Lap Serbaguna - MicroWipe,
81149,Kain Pel - SoftDry,Alat Pel Spray - SwifterJet,Lap Serbaguna - MicroWipe,Pel Lantai - KleanPro,Sapu - SuperClean,Pembersih Kaca - GlassBright,
36194,Pel Lantai - KleanPro,Pembersih Serbaguna - Mr. Muscle,Sapu - SuperClean,Tempat Sampah - EcoBin,Keset - DoorMate,Pembersih Lantai - Wipol,Pembersih Kaca - GlassBright
50996,Tempat Sampah - EcoBin,Sabun Cuci Piring - Sunlight,Tisu Gulung - Nice,Pel Lantai - KleanPro,Sarung Tangan Karet - HandySafe,Ember - AquaTuff,Detergen - Rinso
81913,Sikat WC - ToiletMate,Tisu Gulung - Nice,Pewangi Ruangan - FreshAir,,,,
36123,Spons Cuci - ScrubPro,Pembersih Serbaguna - Mr. Muscle,Kain Pel - SoftDry,,,,
15208,Pewangi Ruangan - FreshAir,Tisu Gulung - Nice,Sabun Cuci Tangan - Lifebuoy,Detergen - Rinso,Sikat WC - ToiletMate,Sapu - SuperClean,
56906,Alat Pel Spray - SwifterJet,Pembersih Serbaguna - Mr. Muscle,Tempat Sampah - EcoBin,,,,
51661,Spons Cuci - ScrubPro,Ember - AquaTuff,Tempat Sampah - EcoBin,Sikat WC - ToiletMate,Alat Pel Spray - SwifterJet,Lap Serbaguna - MicroWipe,Kain Lap Meja - QuickWipe
51116,Keset - DoorMate,Kain Lap Meja - QuickWipe,Sabun Cuci Piring - Sunlight,Alat Pel Spray - SwifterJet,,,
94643,Sarung Tangan Karet - HandySafe,Pel Lantai - KleanPro,Lap Serbaguna - MicroWipe,Keset - DoorMate,Tisu Gulung - Nice,,
94914,Detergen - Rinso,Lap Serbaguna - MicroWipe,Alat Pel Spray - SwifterJet,Pembersih Lantai - Wipol,Sikat WC - ToiletMate,Spons Cuci - ScrubPro,
85074,Sapu - SuperClean,Sikat WC - ToiletMate,Kain Pel - SoftDry,Spons Cuci - ScrubPro,Keset - DoorMate,Tempat Sampah - EcoBin,Pembersih Lantai - Wipol
43544,Spons Cuci - ScrubPro,Pembersih Kaca - GlassBright,Tempat Sampah - EcoBin,Sikat WC - ToiletMate,Pel Lantai - KleanPro,Detergen - Rinso,Sabun Cuci Piring - Sunlight
33265,Keset - DoorMate,Sabun Cuci Tangan - Lifebuoy,Pembersih Kaca - GlassBright,Sikat WC - ToiletMate,Pembersih Serbaguna - Mr. Muscle,Tisu Gulung - Nice,Sarung Tangan Karet - HandySafe
29456,Kain Lap Meja - QuickWipe,Sabun Cuci Piring - Sunlight,,,,,
23451,Sikat WC - ToiletMate,Sabun Cuci Piring - Sunlight,Keset - DoorMate,Lap Serbaguna - MicroWipe,,,
12188,Sapu - SuperClean,Kain Pel - SoftDry,,,,,
84848,Lap Serbaguna - MicroWipe,Pembersih Lantai - Wipol,Tisu Gulung - Nice,Kain Lap Meja - QuickWipe,Tempat Sampah - EcoBin,Sarung Tangan Karet - HandySafe,Sikat WC - ToiletMate
74998,Pembersih Serbaguna - Mr. Muscle,Pewangi Ruangan - FreshAir,Sabun Cuci Piring - Sunlight,Pel Lantai - KleanPro,Pembersih Lantai - Wipol,,
91622,Kain Pel - SoftDry,Ember - AquaTuff,Pembersih Lantai - Wipol,Sapu - SuperClean,Pembersih Kaca - GlassBright,,
94939,Sikat WC - ToiletMate,Ember - AquaTuff,,,,,
88367,Pembersih Serbaguna - Mr. Muscle,Kain Lap Meja - QuickWipe,Sikat WC - ToiletMate,,,,
13210,Pembersih Serbaguna - Mr. Muscle,Sabun Cuci Tangan - Lifebuoy,Keset - DoorMate,Sabun Cuci Piring - Sunlight,Spons Cuci - ScrubPro,Pembersih Kaca - GlassBright,
82994,Sarung Tangan Karet - HandySafe,Keset - DoorMate,Sabun Cuci Tangan - Lifebuoy,Sikat WC - ToiletMate,Alat Pel Spray - SwifterJet,Pewangi Ruangan - FreshAir,
82314,Spons Cuci - ScrubPro,Sabun Cuci Piring - Sunlight,Sabun Cuci Tangan - Lifebuoy,Pembersih Serbaguna - Mr. Muscle,Sarung Tangan Karet - HandySafe,Ember - AquaTuff,Keset - DoorMate
29769,Ember - AquaTuff,Kain Lap Meja - QuickWipe,Pewangi Ruangan - FreshAir,Lap Serbaguna - MicroWipe,,,
35141,Pewangi Ruangan - FreshAir,Sarung Tangan Karet - HandySafe,Spons Cuci - ScrubPro,Lap Serbaguna - MicroWipe,Tempat Sampah - EcoBin,Pel Lantai - KleanPro,
60865,Tempat Sampah - EcoBin,Pewangi Ruangan - FreshAir,Spons Cuci - ScrubPro,Alat Pel Spray - SwifterJet,,,
49284,Pel Lantai - KleanPro,Detergen - Rinso,Kain Pel - SoftDry,Lap Serbaguna - MicroWipe,Sikat WC - ToiletMate,,
84225,Pembersih Lantai - Wipol,Pembersih Serbaguna - Mr. Muscle,Spons Cuci - ScrubPro,Pewangi Ruangan - FreshAir,Ember - AquaTuff,,
48525,Pel Lantai - KleanPro,Detergen - Rinso,Sabun Cuci Tangan - Lifebuoy,Pembersih Serbaguna - Mr. Muscle,Sapu - SuperClean,Tempat Sampah - EcoBin,Sikat WC - ToiletMate
35970,Keset - DoorMate,Tisu Gulung - Nice,,,,,
86384,Detergen - Rinso,Lap Serbaguna - MicroWipe,Tisu Gulung - Nice,Pembersih Serbaguna - Mr. Muscle,Sabun Cuci Tangan - Lifebuoy,Kain Lap Meja - QuickWipe,Pel Lantai - KleanPro
87728,Pembersih Lantai - Wipol,Sabun Cuci Tangan - Lifebuoy,,,,,
61287,Sarung Tangan Karet - HandySafe,Pembersih Kaca - GlassBright,Kain Lap Meja - QuickWipe,,,,
93164,Sapu - SuperClean,Alat Pel Spray - SwifterJet,Lap Serbaguna - MicroWipe,Sikat WC - ToiletMate,Keset - DoorMate,Pembersih Lantai - Wipol,Spons Cuci - ScrubPro
82843,Spons Cuci - ScrubPro,Tisu Gulung - Nice,,,,,
25276,Pel Lantai - KleanPro,Ember - AquaTuff,Kain Lap Meja - QuickWipe,Lap Serbaguna - MicroWipe,,,
30639,Sikat WC - ToiletMate,Kain Pel - SoftDry,Tempat Sampah - EcoBin,Detergen - Rinso,Alat Pel Spray - SwifterJet,Sarung Tangan Karet - HandySafe,Kain Lap Meja - QuickWipe
73020,Detergen - Rinso,Kain Pel - SoftDry,,,,,
18884,Sarung Tangan Karet - HandySafe,Ember - AquaTuff,Sikat WC - ToiletMate,Kain Lap Meja - QuickWipe,Lap Serbaguna - MicroWipe,,
57864,Alat Pel Spray - SwifterJet,Spons Cuci - ScrubPro,Sapu - SuperClean,,,,
37309,Alat Pel Spray - SwifterJet,Pembersih Kaca - GlassBright,,,,,
76595,Pembersih Lantai - Wipol,Sapu - SuperClean,Tisu Gulung - Nice,Spons Cuci - ScrubPro,Kain Pel - SoftDry,Kain Lap Meja - QuickWipe,Sikat WC - ToiletMate
36170,Kain Pel - SoftDry,Tempat Sampah - EcoBin,Sarung Tangan Karet - HandySafe,Sabun Cuci Piring - Sunlight,Pembersih Kaca - GlassBright,Pembersih Serbaguna - Mr. Muscle,Sabun Cuci Tangan - Lifebuoy
61642,Lap Serbaguna - MicroWipe,Pewangi Ruangan - FreshAir,Sarung Tangan Karet - HandySafe,Sabun Cuci Piring - Sunlight,Tisu Gulung - Nice,Tempat Sampah - EcoBin,
54702,Detergen - Rinso,Pembersih Serbaguna - Mr. Muscle,Sikat WC - ToiletMate,Keset - DoorMate,Alat Pel Spray - SwifterJet,,
70232,Sabun Cuci Tangan - Lifebuoy,Kain Pel - SoftDry,Tempat Sampah - EcoBin,Sikat WC - ToiletMate,Spons Cuci - ScrubPro,Pewangi Ruangan - FreshAir,
91579,Sarung Tangan Karet - HandySafe,Sikat WC - ToiletMate,Pembersih Lantai - Wipol,Sabun Cuci Piring - Sunlight,Keset - DoorMate,Lap Serbaguna - MicroWipe,
30315,Pembersih Lantai - Wipol,Tisu Gulung - Nice,,,,,
77000,Sabun Cuci Tangan - Lifebuoy,Pewangi Ruangan - FreshAir,Lap Serbaguna - MicroWipe,Detergen - Rinso,Alat Pel Spray - SwifterJet,Sarung Tangan Karet - HandySafe,Sapu - SuperClean
78334,Alat Pel Spray - SwifterJet,Pewangi Ruangan - FreshAir,Pembersih Kaca - GlassBright,Tisu Gulung - Nice,Ember - AquaTuff,Keset - DoorMate,Kain Pel - SoftDry
45590,Lap Serbaguna - MicroWipe,Pembersih Lantai - Wipol,Sapu - SuperClean,Pembersih Kaca - GlassBright,Kain Pel - SoftDry,,
64619,Detergen - Rinso,Lap Serbaguna - MicroWipe,Spons Cuci - ScrubPro,Keset - DoorMate,Alat Pel Spray - SwifterJet,,
36377,Kain Pel - SoftDry,Keset - DoorMate,Pembersih Kaca - GlassBright,Sarung Tangan Karet - HandySafe,Spons Cuci - ScrubPro,Tempat Sampah - EcoBin,Alat Pel Spray - SwifterJet
95241,Keset - DoorMate,Detergen - Rinso,Sabun Cuci Tangan - Lifebuoy,Kain Lap Meja - QuickWipe,Pembersih Kaca - GlassBright,Sabun Cuci Piring - Sunlight,
35434,Sabun Cuci Piring - Sunlight,Pel Lantai - KleanPro,Sarung Tangan Karet - HandySafe,,,,
98788,Pembersih Kaca - GlassBright,Sikat WC - ToiletMate,Sapu - SuperClean,Spons Cuci - ScrubPro,Pel Lantai - KleanPro,,
97539,Lap Serbaguna - MicroWipe,Pembersih Serbaguna - Mr. Muscle,Sikat WC - ToiletMate,Alat Pel Spray - SwifterJet,,,
64288,Kain Pel - SoftDry,Detergen - Rinso,Alat Pel Spray - SwifterJet,Sikat WC - ToiletMate,,,
45125,Sikat WC - ToiletMate,Sarung Tangan Karet - HandySafe,,,,,
10367,Pewangi Ruangan - FreshAir,Sarung Tangan Karet - HandySafe,,,,,
45116,Tempat Sampah - EcoBin,Alat Pel Spray - SwifterJet,,,,,
96832,Alat Pel Spray - SwifterJet,Kain Pel - SoftDry,Tempat Sampah - EcoBin,Sarung Tangan Karet - HandySafe,,,
93728,Sapu - SuperClean,Sikat WC - ToiletMate,Keset - DoorMate,Sarung Tangan Karet - HandySafe,Alat Pel Spray - SwifterJet,Kain Pel - SoftDry,Ember - AquaTuff
75352,Detergen - Rinso,Alat Pel Spray - SwifterJet,Ember - AquaTuff,,,,
74134,Kain Lap Meja - QuickWipe,Kain Pel - SoftDry,Sapu - SuperClean,Pembersih Lantai - Wipol,Sabun Cuci Tangan - Lifebuoy,Sabun Cuci Piring - Sunlight,
86426,Sabun Cuci Piring - Sunlight,Spons Cuci - ScrubPro,Kain Pel - SoftDry,Pel Lantai - KleanPro,Pewangi Ruangan - FreshAir,Detergen - Rinso,Pembersih Serbaguna - Mr. Muscle
94485,Pel Lantai - KleanPro,Sikat WC - ToiletMate,Tempat Sampah - EcoBin,Ember - AquaTuff,,,
20535,Sikat WC - ToiletMate,Kain Lap Meja - QuickWipe,Keset - DoorMate,,,,
3.24E+04,Pewangi Ruangan - FreshAir,Sikat WC - ToiletMate,Tisu Gulung - Nice,,,,
79423,Sabun Cuci Piring - Sunlight,Spons Cuci - ScrubPro,Sabun Cuci Tangan - Lifebuoy,Keset - DoorMate,Detergen - Rinso,Sapu - SuperClean,Ember - AquaTuff
13148,Sapu - SuperClean,Tisu Gulung - Nice,Tempat Sampah - EcoBin,Ember - AquaTuff,Kain Pel - SoftDry,Sarung Tangan Karet - HandySafe,
34946,Kain Lap Meja - QuickWipe,Ember - AquaTuff,Tisu Gulung - Nice,Pel Lantai - KleanPro,Spons Cuci - ScrubPro,Detergen - Rinso,Sabun Cuci Tangan - Lifebuoy
75338,Pewangi Ruangan - FreshAir,Sabun Cuci Piring - Sunlight,Tisu Gulung - Nice,Sarung Tangan Karet - HandySafe,Ember - AquaTuff,,
99297,Keset - DoorMate,Sapu - SuperClean,Kain Pel - SoftDry,Tisu Gulung - Nice,,,
2.62E+04,Kain Pel - SoftDry,Tempat Sampah - EcoBin,Pel Lantai - KleanPro,Detergen - Rinso,Keset - DoorMate,Tisu Gulung - Nice,
84839,Kain Pel - SoftDry,Spons Cuci - ScrubPro,Pembersih Serbaguna - Mr. Muscle,Sarung Tangan Karet - HandySafe,,,
21135,Pembersih Serbaguna - Mr. Muscle,Tempat Sampah - EcoBin,,,,,
52672,Spons Cuci - ScrubPro,Sabun Cuci Tangan - Lifebuoy,Detergen - Rinso,Kain Pel - SoftDry,,,
97289,Tisu Gulung - Nice,Kain Lap Meja - QuickWipe,Kain Pel - SoftDry,Ember - AquaTuff,,,
42963,Detergen - Rinso,Lap Serbaguna - MicroWipe,Tempat Sampah - EcoBin,Pembersih Kaca - GlassBright,,,
84146,Pembersih Kaca - GlassBright,Pel Lantai - KleanPro,Kain Lap Meja - QuickWipe,Detergen - Rinso,Alat Pel Spray - SwifterJet,,
18992,Ember - AquaTuff,Kain Pel - SoftDry,,,,,
51720,Kain Pel - SoftDry,Lap Serbaguna - MicroWipe,Pel Lantai - KleanPro,,,,
12108,Pewangi Ruangan - FreshAir,Alat Pel Spray - SwifterJet,Sabun Cuci Tangan - Lifebuoy,Sarung Tangan Karet - HandySafe,Ember - AquaTuff,Sapu - SuperClean,
78554,Pewangi Ruangan - FreshAir,Kain Pel - SoftDry,Ember - AquaTuff,Tempat Sampah - EcoBin,Spons Cuci - ScrubPro,Alat Pel Spray - SwifterJet,
58546,Sarung Tangan Karet - HandySafe,Alat Pel Spray - SwifterJet,Pel Lantai - KleanPro,Tempat Sampah - EcoBin,Pembersih Lantai - Wipol,Kain Pel - SoftDry,
73614,Sarung Tangan Karet - HandySafe,Ember - AquaTuff,Detergen - Rinso,Pembersih Serbaguna - Mr. Muscle,Sapu - SuperClean,,
87388,Kain Pel - SoftDry,Pembersih Lantai - Wipol,Alat Pel Spray - SwifterJet,Pembersih Serbaguna - Mr. Muscle,Sapu - SuperClean,Spons Cuci - ScrubPro,
42529,Pembersih Serbaguna - Mr. Muscle,Pel Lantai - KleanPro,,,,,
58496,Tisu Gulung - Nice,Pembersih Serbaguna - Mr. Muscle,Detergen - Rinso,Pel Lantai - KleanPro,Tempat Sampah - EcoBin,,
63582,Kain Lap Meja - QuickWipe,Ember - AquaTuff,,,,,
40745,Pembersih Serbaguna - Mr. Muscle,Lap Serbaguna - MicroWipe,Tempat Sampah - EcoBin,Ember - AquaTuff,Sarung Tangan Karet - HandySafe,Sabun Cuci Tangan - Lifebuoy,
34699,Tisu Gulung - Nice,Detergen - Rinso,,,,,
31667,Tisu Gulung - Nice,Kain Lap Meja - QuickWipe,,,,,
39044,Ember - AquaTuff,Keset - DoorMate,Kain Lap Meja - QuickWipe,Sikat WC - ToiletMate,Sarung Tangan Karet - HandySafe,Sapu - SuperClean,
28475,Pel Lantai - KleanPro,Keset - DoorMate,Sabun Cuci Tangan - Lifebuoy,Tempat Sampah - EcoBin,Pewangi Ruangan - FreshAir,,
98272,Spons Cuci - ScrubPro,Sabun Cuci Tangan - Lifebuoy,Pembersih Serbaguna - Mr. Muscle,Pembersih Lantai - Wipol,Keset - DoorMate,Lap Serbaguna - MicroWipe,Alat Pel Spray - SwifterJet
59925,Pembersih Kaca - GlassBright,Pewangi Ruangan - FreshAir,Alat Pel Spray - SwifterJet,Sabun Cuci Piring - Sunlight,Spons Cuci - ScrubPro,Sarung Tangan Karet - HandySafe,
76938,Pembersih Serbaguna - Mr. Muscle,Detergen - Rinso,Ember - AquaTuff,Tempat Sampah - EcoBin,Sabun Cuci Tangan - Lifebuoy,,
65503,Spons Cuci - ScrubPro,Sabun Cuci Tangan - Lifebuoy,Sabun Cuci Piring - Sunlight,,,,
58473,Tisu Gulung - Nice,Sabun Cuci Piring - Sunlight,Ember - AquaTuff,Detergen - Rinso,,,
15121,Pewangi Ruangan - FreshAir,Pembersih Kaca - GlassBright,Sarung Tangan Karet - HandySafe,Sikat WC - ToiletMate,Kain Lap Meja - QuickWipe,,
57089,Pembersih Serbaguna - Mr. Muscle,Ember - AquaTuff,Pewangi Ruangan - FreshAir,Alat Pel Spray - SwifterJet,Pembersih Kaca - GlassBright,Pel Lantai - KleanPro,Tisu Gulung - Nice
93965,Spons Cuci - ScrubPro,Pembersih Lantai - Wipol,Sapu - SuperClean,Lap Serbaguna - MicroWipe,Kain Pel - SoftDry,Sikat WC - ToiletMate,
83819,Pembersih Kaca - GlassBright,Pembersih Serbaguna - Mr. Muscle,Tisu Gulung - Nice,Sarung Tangan Karet - HandySafe,Detergen - Rinso,Sabun Cuci Piring - Sunlight,
10451,Lap Serbaguna - MicroWipe,Pembersih Kaca - GlassBright,Sapu - SuperClean,Pembersih Serbaguna - Mr. Muscle,,,
11592,Sabun Cuci Tangan - Lifebuoy,Spons Cuci - ScrubPro,Ember - AquaTuff,,,,
55640,Sarung Tangan Karet - HandySafe,Kain Lap Meja - QuickWipe,Sikat WC - ToiletMate,Sabun Cuci Tangan - Lifebuoy,Pembersih Lantai - Wipol,Keset - DoorMate,Pewangi Ruangan - FreshAir
53293,Sapu - SuperClean,Kain Lap Meja - QuickWipe,Sabun Cuci Piring - Sunlight,Pewangi Ruangan - FreshAir,,,
44869,Kain Lap Meja - QuickWipe,Sarung Tangan Karet - HandySafe,Kain Pel - SoftDry,Pel Lantai - KleanPro,,,
33364,Sapu - SuperClean,Sikat WC - ToiletMate,Pembersih Kaca - GlassBright,,,,
42211,Pel Lantai - KleanPro,Pewangi Ruangan - FreshAir,,,,,
79196,Kain Pel - SoftDry,Detergen - Rinso,Tisu Gulung - Nice,Sarung Tangan Karet - HandySafe,Sikat WC - ToiletMate,Pembersih Serbaguna - Mr. Muscle,Alat Pel Spray - SwifterJet
14175,Detergen - Rinso,Tempat Sampah - EcoBin,Pembersih Serbaguna - Mr. Muscle,Spons Cuci - ScrubPro,,,
11325,Pewangi Ruangan - FreshAir,Ember - AquaTuff,Alat Pel Spray - SwifterJet,,,,
29681,Pewangi Ruangan - FreshAir,Kain Pel - SoftDry,,,,,
41376,Alat Pel Spray - SwifterJet,Tisu Gulung - Nice,Sapu - SuperClean,Sabun Cuci Piring - Sunlight,,,
25330,Sabun Cuci Piring - Sunlight,Pel Lantai - KleanPro,,,,,
56613,Pel Lantai - KleanPro,Lap Serbaguna - MicroWipe,Sikat WC - ToiletMate,Kain Pel - SoftDry,,,
84475,Pembersih Kaca - GlassBright,Sikat WC - ToiletMate,Kain Pel - SoftDry,Tempat Sampah - EcoBin,Sapu - SuperClean,,
64600,Sarung Tangan Karet - HandySafe,Keset - DoorMate,Sapu - SuperClean,Sabun Cuci Piring - Sunlight,Ember - AquaTuff,Tempat Sampah - EcoBin,
94050,Pel Lantai - KleanPro,Sarung Tangan Karet - HandySafe,Tempat Sampah - EcoBin,Ember - AquaTuff,Pembersih Lantai - Wipol,Lap Serbaguna - MicroWipe,Tisu Gulung - Nice
72363,Keset - DoorMate,Pembersih Lantai - Wipol,Kain Pel - SoftDry,Sikat WC - ToiletMate,Sapu - SuperClean,Detergen - Rinso,Pembersih Serbaguna - Mr. Muscle
33949,Sarung Tangan Karet - HandySafe,Sabun Cuci Tangan - Lifebuoy,Kain Pel - SoftDry,Sikat WC - ToiletMate,Pewangi Ruangan - FreshAir,Sabun Cuci Piring - Sunlight,
14711,Spons Cuci - ScrubPro,Pel Lantai - KleanPro,Lap Serbaguna - MicroWipe,Kain Pel - SoftDry,,,
61768,Sabun Cuci Piring - Sunlight,Ember - AquaTuff,Pel Lantai - KleanPro,Kain Pel - SoftDry,Pembersih Kaca - GlassBright,Sapu - SuperClean,Pembersih Lantai - Wipol
70095,Pembersih Serbaguna - Mr. Muscle,Pewangi Ruangan - FreshAir,Tempat Sampah - EcoBin,Ember - AquaTuff,Spons Cuci - ScrubPro,Pembersih Kaca - GlassBright,
49341,Pel Lantai - KleanPro,Tempat Sampah - EcoBin,Pembersih Kaca - GlassBright,,,,
18957,Tisu Gulung - Nice,Kain Pel - SoftDry,Keset - DoorMate,,,,
22985,Sabun Cuci Piring - Sunlight,Ember - AquaTuff,Pewangi Ruangan - FreshAir,Tempat Sampah - EcoBin,Pembersih Kaca - GlassBright,,
83445,Pel Lantai - KleanPro,Spons Cuci - ScrubPro,Pembersih Kaca - GlassBright,Sikat WC - ToiletMate,Kain Lap Meja - QuickWipe,,
83343,Sikat WC - ToiletMate,Sabun Cuci Tangan - Lifebuoy,Pewangi Ruangan - FreshAir,Tisu Gulung - Nice,,,
57997,Tisu Gulung - Nice,Sapu - SuperClean,Pel Lantai - KleanPro,Ember - AquaTuff,,,
43448,Sabun Cuci Tangan - Lifebuoy,Detergen - Rinso,Pembersih Lantai - Wipol,Pewangi Ruangan - FreshAir,Sikat WC - ToiletMate,Tisu Gulung - Nice,
79281,Pembersih Kaca - GlassBright,Tisu Gulung - Nice,Detergen - Rinso,Alat Pel Spray - SwifterJet,,,
19712,Keset - DoorMate,Pembersih Kaca - GlassBright,Alat Pel Spray - SwifterJet,Detergen - Rinso,,,
15902,Kain Lap Meja - QuickWipe,Ember - AquaTuff,Keset - DoorMate,Spons Cuci - ScrubPro,Pembersih Lantai - Wipol,Sabun Cuci Tangan - Lifebuoy,Tisu Gulung - Nice
84660,Tisu Gulung - Nice,Sabun Cuci Tangan - Lifebuoy,Keset - DoorMate,Kain Lap Meja - QuickWipe,Kain Pel - SoftDry,Pewangi Ruangan - FreshAir,Pembersih Serbaguna - Mr. Muscle
29590,Detergen - Rinso,Kain Lap Meja - QuickWipe,Sabun Cuci Piring - Sunlight,Ember - AquaTuff,,,
85584,Sabun Cuci Piring - Sunlight,Sapu - SuperClean,Pewangi Ruangan - FreshAir,Ember - AquaTuff,,,
35823,Ember - AquaTuff,Sapu - SuperClean,,,,,
77319,Pembersih Lantai - Wipol,Sabun Cuci Tangan - Lifebuoy,Pembersih Serbaguna - Mr. Muscle,Ember - AquaTuff,,,
10610,Tisu Gulung - Nice,Spons Cuci - ScrubPro,Keset - DoorMate,Sikat WC - ToiletMate,Sarung Tangan Karet - HandySafe,Sapu - SuperClean,Pembersih Lantai - Wipol
41175,Tisu Gulung - Nice,Kain Lap Meja - QuickWipe,Keset - DoorMate,,,,
86681,Sabun Cuci Tangan - Lifebuoy,Pembersih Kaca - GlassBright,,,,,
32095,Pel Lantai - KleanPro,Ember - AquaTuff,Tisu Gulung - Nice,Lap Serbaguna - MicroWipe,Kain Pel - SoftDry,Detergen - Rinso,
57484,Pembersih Kaca - GlassBright,Lap Serbaguna - MicroWipe,Pembersih Serbaguna - Mr. Muscle,Pembersih Lantai - Wipol,,,
77076,Spons Cuci - ScrubPro,Pembersih Kaca - GlassBright,Pembersih Lantai - Wipol,,,,
91776,Sikat WC - ToiletMate,Pembersih Kaca - GlassBright,Alat Pel Spray - SwifterJet,,,,
91530,Tempat Sampah - EcoBin,Sabun Cuci Tangan - Lifebuoy,Detergen - Rinso,Sapu - SuperClean,Tisu Gulung - Nice,,
70593,Kain Pel - SoftDry,Tempat Sampah - EcoBin,Spons Cuci - ScrubPro,Sikat WC - ToiletMate,,,
21849,Detergen - Rinso,Sarung Tangan Karet - HandySafe,Tisu Gulung - Nice,Tempat Sampah - EcoBin,,,
34111,Alat Pel Spray - SwifterJet,Sabun Cuci Piring - Sunlight,Kain Pel - SoftDry,,,,
23917,Pembersih Serbaguna - Mr. Muscle,Sapu - SuperClean,Keset - DoorMate,,,,
13697,Tisu Gulung - Nice,Pembersih Kaca - GlassBright,,,,,
74519,Tisu Gulung - Nice,Sapu - SuperClean,Sabun Cuci Piring - Sunlight,Pewangi Ruangan - FreshAir,Sikat WC - ToiletMate,Pembersih Kaca - GlassBright,Kain Lap Meja - QuickWipe
98247,Sarung Tangan Karet - HandySafe,Pembersih Kaca - GlassBright,,,,,
73129,Tempat Sampah - EcoBin,Alat Pel Spray - SwifterJet,Ember - AquaTuff,Pembersih Serbaguna - Mr. Muscle,,,
99328,Pel Lantai - KleanPro,Lap Serbaguna - MicroWipe,Keset - DoorMate,Pembersih Kaca - GlassBright,Sabun Cuci Piring - Sunlight,Pewangi Ruangan - FreshAir,
76361,Ember - AquaTuff,Sikat WC - ToiletMate,Tempat Sampah - EcoBin,Tisu Gulung - Nice,Keset - DoorMate,Lap Serbaguna - MicroWipe,Pembersih Lantai - Wipol
20722,Pel Lantai - KleanPro,Pembersih Kaca - GlassBright,Keset - DoorMate,,,,
51451,Kain Lap Meja - QuickWipe,Keset - DoorMate,,,,,
3.86E+04,Lap Serbaguna - MicroWipe,Sarung Tangan Karet - HandySafe,Keset - DoorMate,Alat Pel Spray - SwifterJet,Tempat Sampah - EcoBin,,
38167,Detergen - Rinso,Pembersih Kaca - GlassBright,Tempat Sampah - EcoBin,Pembersih Serbaguna - Mr. Muscle,,,
59927,Ember - AquaTuff,Pembersih Kaca - GlassBright,Sabun Cuci Piring - Sunlight,Pembersih Serbaguna - Mr. Muscle,Kain Lap Meja - QuickWipe,Pewangi Ruangan - FreshAir,
99409,Ember - AquaTuff,Sarung Tangan Karet - HandySafe,Kain Pel - SoftDry,,,,
67708,Sabun Cuci Tangan - Lifebuoy,Sikat WC - ToiletMate,Alat Pel Spray - SwifterJet,,,,
65604,Sikat WC - ToiletMate,Tempat Sampah - EcoBin,Keset - DoorMate,Sapu - SuperClean,Pewangi Ruangan - FreshAir,Pel Lantai - KleanPro,Sarung Tangan Karet - HandySafe
44908,Tempat Sampah - EcoBin,Pel Lantai - KleanPro,Keset - DoorMate,Kain Pel - SoftDry,Alat Pel Spray - SwifterJet,,
49421,Ember - AquaTuff,Sabun Cuci Piring - Sunlight,Spons Cuci - ScrubPro,Lap Serbaguna - MicroWipe,Kain Pel - SoftDry,Pembersih Serbaguna - Mr. Muscle,Tisu Gulung - Nice
85181,Spons Cuci - ScrubPro,Ember - AquaTuff,Kain Pel - SoftDry,Detergen - Rinso,Tisu Gulung - Nice,Tempat Sampah - EcoBin,
43898,Pembersih Lantai - Wipol,Pembersih Serbaguna - Mr. Muscle,,,,,
67473,Pewangi Ruangan - FreshAir,Detergen - Rinso,Keset - DoorMate,Kain Lap Meja - QuickWipe,,,
9.61E+04,Sabun Cuci Tangan - Lifebuoy,Sikat WC - ToiletMate,Sarung Tangan Karet - HandySafe,Alat Pel Spray - SwifterJet,Kain Pel - SoftDry,,
61335,Kain Pel - SoftDry,Pel Lantai - KleanPro,Pembersih Lantai - Wipol,Lap Serbaguna - MicroWipe,Sabun Cuci Piring - Sunlight,Kain Lap Meja - QuickWipe,Spons Cuci - ScrubPro
53799,Sarung Tangan Karet - HandySafe,Pembersih Kaca - GlassBright,Sabun Cuci Piring - Sunlight,Kain Pel - SoftDry,,,
26204,Keset - DoorMate,Lap Serbaguna - MicroWipe,Detergen - Rinso,Kain Pel - SoftDry,Spons Cuci - ScrubPro,Tempat Sampah - EcoBin,Ember - AquaTuff
5.00E+04,Alat Pel Spray - SwifterJet,Detergen - Rinso,,,,,
91148,Detergen - Rinso,Pel Lantai - KleanPro,Sabun Cuci Piring - Sunlight,Sarung Tangan Karet - HandySafe,,,
90457,Lap Serbaguna - MicroWipe,Pembersih Serbaguna - Mr. Muscle,Sapu - SuperClean,Kain Pel - SoftDry,Pewangi Ruangan - FreshAir,Kain Lap Meja - QuickWipe,
37149,Lap Serbaguna - MicroWipe,Pembersih Kaca - GlassBright,Ember - AquaTuff,Tempat Sampah - EcoBin,Keset - DoorMate,Pembersih Serbaguna - Mr. Muscle,
88878,Pel Lantai - KleanPro,Sikat WC - ToiletMate,Sabun Cuci Piring - Sunlight,Kain Lap Meja - QuickWipe,Sarung Tangan Karet - HandySafe,Alat Pel Spray - SwifterJet,Sapu - SuperClean
86172,Sarung Tangan Karet - HandySafe,Sapu - SuperClean,Tisu Gulung - Nice,Detergen - Rinso,Pel Lantai - KleanPro,,
23101,Alat Pel Spray - SwifterJet,Lap Serbaguna - MicroWipe,Sikat WC - ToiletMate,,,,
67151,Pewangi Ruangan - FreshAir,Kain Lap Meja - QuickWipe,Spons Cuci - ScrubPro,Alat Pel Spray - SwifterJet,Sabun Cuci Piring - Sunlight,,
87971,Pel Lantai - KleanPro,Sarung Tangan Karet - HandySafe,Sapu - SuperClean,Ember - AquaTuff,,,
58737,Tisu Gulung - Nice,Pel Lantai - KleanPro,Sikat WC - ToiletMate,Sabun Cuci Piring - Sunlight,Keset - DoorMate,Pembersih Kaca - GlassBright,Alat Pel Spray - SwifterJet
99160,Spons Cuci - ScrubPro,Alat Pel Spray - SwifterJet,Pel Lantai - KleanPro,Pewangi Ruangan - FreshAir,,,
78487,Lap Serbaguna - MicroWipe,Kain Lap Meja - QuickWipe,Sapu - SuperClean,Pewangi Ruangan - FreshAir,,,
70821,Sabun Cuci Tangan - Lifebuoy,Spons Cuci - ScrubPro,Pembersih Lantai - Wipol,Sapu - SuperClean,Tisu Gulung - Nice,Pel Lantai - KleanPro,Sabun Cuci Piring - Sunlight
55843,Sarung Tangan Karet - HandySafe,Pembersih Lantai - Wipol,Sapu - SuperClean,Pembersih Serbaguna - Mr. Muscle,Tempat Sampah - EcoBin,Detergen - Rinso,
85354,Pembersih Serbaguna - Mr. Muscle,Pel Lantai - KleanPro,Kain Lap Meja - QuickWipe,Tempat Sampah - EcoBin,Sapu - SuperClean,Lap Serbaguna - MicroWipe,
95793,Tempat Sampah - EcoBin,Spons Cuci - ScrubPro,Sabun Cuci Tangan - Lifebuoy,Pembersih Kaca - GlassBright,,,
45943,Spons Cuci - ScrubPro,Pembersih Serbaguna - Mr. Muscle,Kain Pel - SoftDry,Pel Lantai - KleanPro,,,
73564,Sarung Tangan Karet - HandySafe,Pewangi Ruangan - FreshAir,Pel Lantai - KleanPro,Pembersih Serbaguna - Mr. Muscle,Detergen - Rinso,,
88167,Pembersih Lantai - Wipol,Sapu - SuperClean,,,,,
88395,Detergen - Rinso,Pembersih Kaca - GlassBright,Kain Pel - SoftDry,Pel Lantai - KleanPro,Sabun Cuci Piring - Sunlight,Tempat Sampah - EcoBin,
26193,Detergen - Rinso,Kain Lap Meja - QuickWipe,,,,,
93992,Sapu - SuperClean,Tempat Sampah - EcoBin,Kain Lap Meja - QuickWipe,Pembersih Lantai - Wipol,Sarung Tangan Karet - HandySafe,,
42905,Detergen - Rinso,Pembersih Serbaguna - Mr. Muscle,Tempat Sampah - EcoBin,Pewangi Ruangan - FreshAir,Kain Lap Meja - QuickWipe,,
90307,Tisu Gulung - Nice,Tempat Sampah - EcoBin,Lap Serbaguna - MicroWipe,Sabun Cuci Piring - Sunlight,Pewangi Ruangan - FreshAir,Alat Pel Spray - SwifterJet,
21665,Pewangi Ruangan - FreshAir,Pel Lantai - KleanPro,Pembersih Serbaguna - Mr. Muscle,Sikat WC - ToiletMate,Sarung Tangan Karet - HandySafe,,
50056,Tisu Gulung - Nice,Ember - AquaTuff,,,,,
63414,Sabun Cuci Tangan - Lifebuoy,Sabun Cuci Piring - Sunlight,Lap Serbaguna - MicroWipe,Keset - DoorMate,Tisu Gulung - Nice,Tempat Sampah - EcoBin,
98531,Kain Lap Meja - QuickWipe,Sapu - SuperClean,,,,,
91304,Pembersih Kaca - GlassBright,Detergen - Rinso,,,,,
50846,Lap Serbaguna - MicroWipe,Pel Lantai - KleanPro,Pembersih Kaca - GlassBright,Alat Pel Spray - SwifterJet,Kain Lap Meja - QuickWipe,,
35629,Spons Cuci - ScrubPro,Pewangi Ruangan - FreshAir,,,,,
51299,Pel Lantai - KleanPro,Pembersih Lantai - Wipol,Sabun Cuci Piring - Sunlight,Sabun Cuci Tangan - Lifebuoy,Detergen - Rinso,,
36461,Kain Lap Meja - QuickWipe,Tisu Gulung - Nice,Keset - DoorMate,Pel Lantai - KleanPro,Sikat WC - ToiletMate,Sabun Cuci Piring - Sunlight,Sabun Cuci Tangan - Lifebuoy
79314,Sarung Tangan Karet - HandySafe,Tisu Gulung - Nice,Pel Lantai - KleanPro,Detergen - Rinso,Alat Pel Spray - SwifterJet,,
21121,Pembersih Serbaguna - Mr. Muscle,Sapu - SuperClean,Tempat Sampah - EcoBin,Pel Lantai - KleanPro,Tisu Gulung - Nice,,
77299,Sabun Cuci Piring - Sunlight,Sikat WC - ToiletMate,Detergen - Rinso,Lap Serbaguna - MicroWipe,Sabun Cuci Tangan - Lifebuoy,Kain Pel - SoftDry,
46432,Pewangi Ruangan - FreshAir,Detergen - Rinso,Pembersih Kaca - GlassBright,Kain Pel - SoftDry,Alat Pel Spray - SwifterJet,,
41773,Pewangi Ruangan - FreshAir,Sabun Cuci Piring - Sunlight,,,,,
83269,Sabun Cuci Piring - Sunlight,Detergen - Rinso,Ember - AquaTuff,Pembersih Serbaguna - Mr. Muscle,,,
12352,Pembersih Lantai - Wipol,Detergen - Rinso,,,,,
49121,Sarung Tangan Karet - HandySafe,Pembersih Lantai - Wipol,Detergen - Rinso,Pel Lantai - KleanPro,Alat Pel Spray - SwifterJet,Sabun Cuci Tangan - Lifebuoy,
47975,Spons Cuci - ScrubPro,Kain Lap Meja - QuickWipe,Lap Serbaguna - MicroWipe,Pembersih Lantai - Wipol,Tempat Sampah - EcoBin,,
14594,Spons Cuci - ScrubPro,Lap Serbaguna - MicroWipe,,,,,
98812,Detergen - Rinso,Kain Lap Meja - QuickWipe,Pembersih Lantai - Wipol,Pembersih Kaca - GlassBright,,,
57710,Pewangi Ruangan - FreshAir,Alat Pel Spray - SwifterJet,Sabun Cuci Piring - Sunlight,Spons Cuci - ScrubPro,Detergen - Rinso,,
20219,Sikat WC - ToiletMate,Tempat Sampah - EcoBin,Tisu Gulung - Nice,Pewangi Ruangan - FreshAir,Alat Pel Spray - SwifterJet,Lap Serbaguna - MicroWipe,
84068,Pel Lantai - KleanPro,Pembersih Serbaguna - Mr. Muscle,Sabun Cuci Piring - Sunlight,,,,
57620,Detergen - Rinso,Alat Pel Spray - SwifterJet,,,,,
18480,Kain Lap Meja - QuickWipe,Pewangi Ruangan - FreshAir,Lap Serbaguna - MicroWipe,Detergen - Rinso,Keset - DoorMate,,
79683,Alat Pel Spray - SwifterJet,Sabun Cuci Tangan - Lifebuoy,Pembersih Lantai - Wipol,,,,
22487,Pewangi Ruangan - FreshAir,Tempat Sampah - EcoBin,,,,,
48172,Sikat WC - ToiletMate,Pembersih Serbaguna - Mr. Muscle,Alat Pel Spray - SwifterJet,Pembersih Kaca - GlassBright,,,
54553,Kain Pel - SoftDry,Pewangi Ruangan - FreshAir,Alat Pel Spray - SwifterJet,Sarung Tangan Karet - HandySafe,Sabun Cuci Tangan - Lifebuoy,,
43978,Pembersih Serbaguna - Mr. Muscle,Alat Pel Spray - SwifterJet,Lap Serbaguna - MicroWipe,Kain Pel - SoftDry,Kain Lap Meja - QuickWipe,,
76064,Kain Lap Meja - QuickWipe,Pembersih Serbaguna - Mr. Muscle,Pembersih Lantai - Wipol,Sabun Cuci Piring - Sunlight,Tempat Sampah - EcoBin,Pembersih Kaca - GlassBright,Detergen - Rinso
79233,Detergen - Rinso,Tempat Sampah - EcoBin,Pembersih Kaca - GlassBright,Sikat WC - ToiletMate,Kain Lap Meja - QuickWipe,Sapu - SuperClean,
88752,Ember - AquaTuff,Pembersih Serbaguna - Mr. Muscle,Keset - DoorMate,Lap Serbaguna - MicroWipe,Sabun Cuci Piring - Sunlight,Tisu Gulung - Nice,
85901,Lap Serbaguna - MicroWipe,Sikat WC - ToiletMate,Kain Pel - SoftDry,Detergen - Rinso,Kain Lap Meja - QuickWipe,Alat Pel Spray - SwifterJet,
49528,Sikat WC - ToiletMate,Pembersih Lantai - Wipol,Tempat Sampah - EcoBin,Sapu - SuperClean,Sabun Cuci Tangan - Lifebuoy,,
76301,Ember - AquaTuff,Pembersih Serbaguna - Mr. Muscle,Lap Serbaguna - MicroWipe,Sarung Tangan Karet - HandySafe,,,
45269,Pel Lantai - KleanPro,Sabun Cuci Piring - Sunlight,Pewangi Ruangan - FreshAir,Tempat Sampah - EcoBin,Spons Cuci - ScrubPro,Kain Lap Meja - QuickWipe,
52156,Pembersih Kaca - GlassBright,Sabun Cuci Piring - Sunlight,Keset - DoorMate,Pembersih Serbaguna - Mr. Muscle,Detergen - Rinso,,
74379,Ember - AquaTuff,Sabun Cuci Tangan - Lifebuoy,,,,,
14874,Sarung Tangan Karet - HandySafe,Sikat WC - ToiletMate,Pel Lantai - KleanPro,,,,
32576,Pewangi Ruangan - FreshAir,Sikat WC - ToiletMate,Alat Pel Spray - SwifterJet,Sapu - SuperClean,Sarung Tangan Karet - HandySafe,Pel Lantai - KleanPro,
92170,Keset - DoorMate,Sikat WC - ToiletMate,Sabun Cuci Tangan - Lifebuoy,Lap Serbaguna - MicroWipe,,,
85962,Pembersih Lantai - Wipol,Alat Pel Spray - SwifterJet,Pembersih Serbaguna - Mr. Muscle,Pewangi Ruangan - FreshAir,Detergen - Rinso,,
60534,Sikat WC - ToiletMate,Pembersih Serbaguna - Mr. Muscle,Alat Pel Spray - SwifterJet,Spons Cuci - ScrubPro,Pembersih Kaca - GlassBright,Detergen - Rinso,
70393,Pembersih Lantai - Wipol,Sabun Cuci Tangan - Lifebuoy,,,,,
64408,Pembersih Serbaguna - Mr. Muscle,Pel Lantai - KleanPro,Pewangi Ruangan - FreshAir,,,,
51613,Detergen - Rinso,Ember - AquaTuff,Spons Cuci - ScrubPro,Pembersih Kaca - GlassBright,Sikat WC - ToiletMate,Lap Serbaguna - MicroWipe,
35309,Kain Lap Meja - QuickWipe,Pel Lantai - KleanPro,Sapu - SuperClean,Ember - AquaTuff,,,
52074,Ember - AquaTuff,Sarung Tangan Karet - HandySafe,Tisu Gulung - Nice,Sabun Cuci Tangan - Lifebuoy,Pembersih Lantai - Wipol,Sapu - SuperClean,Kain Pel - SoftDry
73246,Pembersih Serbaguna - Mr. Muscle,Sapu - SuperClean,Tempat Sampah - EcoBin,Pel Lantai - KleanPro,Ember - AquaTuff,,
83785,Sikat WC - ToiletMate,Ember - AquaTuff,,,,,
65436,Pembersih Kaca - GlassBright,Spons Cuci - ScrubPro,Tisu Gulung - Nice,Tempat Sampah - EcoBin,Pembersih Lantai - Wipol,Pel Lantai - KleanPro,Kain Lap Meja - QuickWipe
41336,Sabun Cuci Tangan - Lifebuoy,Sabun Cuci Piring - Sunlight,Lap Serbaguna - MicroWipe,Kain Lap Meja - QuickWipe,Tisu Gulung - Nice,Kain Pel - SoftDry,
31547,Sabun Cuci Tangan - Lifebuoy,Kain Pel - SoftDry,Detergen - Rinso,Pembersih Kaca - GlassBright,,,
77067,Sabun Cuci Tangan - Lifebuoy,Detergen - Rinso,,,,,
96531,Kain Lap Meja - QuickWipe,Sabun Cuci Piring - Sunlight,Sarung Tangan Karet - HandySafe,Pembersih Lantai - Wipol,Detergen - Rinso,Pembersih Serbaguna - Mr. Muscle,Alat Pel Spray - SwifterJet
40581,Alat Pel Spray - SwifterJet,Kain Pel - SoftDry,Sapu - SuperClean,,,,
65786,Pembersih Serbaguna - Mr. Muscle,Pel Lantai - KleanPro,Spons Cuci - ScrubPro,Sarung Tangan Karet - HandySafe,Pembersih Lantai - Wipol,Alat Pel Spray - SwifterJet,
44727,Detergen - Rinso,Sabun Cuci Tangan - Lifebuoy,Ember - AquaTuff,,,,
13327,Pembersih Serbaguna - Mr. Muscle,Tisu Gulung - Nice,Ember - AquaTuff,Lap Serbaguna - MicroWipe,Kain Lap Meja - QuickWipe,Alat Pel Spray - SwifterJet,
93457,Keset - DoorMate,Pembersih Lantai - Wipol,Sikat WC - ToiletMate,Ember - AquaTuff,Sabun Cuci Piring - Sunlight,Pewangi Ruangan - FreshAir,Pel Lantai - KleanPro
37308,Lap Serbaguna - MicroWipe,Sabun Cuci Piring - Sunlight,Alat Pel Spray - SwifterJet,Pembersih Kaca - GlassBright,Sabun Cuci Tangan - Lifebuoy,Spons Cuci - ScrubPro,
53730,Pembersih Kaca - GlassBright,Keset - DoorMate,Sabun Cuci Tangan - Lifebuoy,Pembersih Serbaguna - Mr. Muscle,Lap Serbaguna - MicroWipe,,
90440,Kain Pel - SoftDry,Sabun Cuci Tangan - Lifebuoy,Alat Pel Spray - SwifterJet,,,,
52113,Sabun Cuci Piring - Sunlight,Kain Lap Meja - QuickWipe,Lap Serbaguna - MicroWipe,,,,
14603,Detergen - Rinso,Pembersih Kaca - GlassBright,Sabun Cuci Piring - Sunlight,Pewangi Ruangan - FreshAir,,,
41666,Sabun Cuci Piring - Sunlight,Detergen - Rinso,Alat Pel Spray - SwifterJet,Ember - AquaTuff,,,
83220,Tempat Sampah - EcoBin,Sabun Cuci Piring - Sunlight,Pembersih Lantai - Wipol,Ember - AquaTuff,,,
98652,Pembersih Kaca - GlassBright,Sabun Cuci Tangan - Lifebuoy,Pel Lantai - KleanPro,,,,
50028,Sabun Cuci Piring - Sunlight,Keset - DoorMate,Ember - AquaTuff,Tisu Gulung - Nice,Pel Lantai - KleanPro,Spons Cuci - ScrubPro,
92410,Kain Pel - SoftDry,Tisu Gulung - Nice,Ember - AquaTuff,Alat Pel Spray - SwifterJet,Sapu - SuperClean,,
29900,Pembersih Kaca - GlassBright,Lap Serbaguna - MicroWipe,,,,,
60114,Pel Lantai - KleanPro,Sikat WC - ToiletMate,,,,,
88443,Sapu - SuperClean,Spons Cuci - ScrubPro,Pewangi Ruangan - FreshAir,,,,
33563,Sarung Tangan Karet - HandySafe,Pel Lantai - KleanPro,Alat Pel Spray - SwifterJet,Ember - AquaTuff,Kain Pel - SoftDry,Sapu - SuperClean,
29451,Ember - AquaTuff,Pel Lantai - KleanPro,,,,,
45080,Spons Cuci - ScrubPro,Tempat Sampah - EcoBin,Detergen - Rinso,Pel Lantai - KleanPro,Sikat WC - ToiletMate,,
45976,Detergen - Rinso,Pembersih Lantai - Wipol,Alat Pel Spray - SwifterJet,Kain Lap Meja - QuickWipe,,,
48506,Ember - AquaTuff,Alat Pel Spray - SwifterJet,Sikat WC - ToiletMate,Tisu Gulung - Nice,Pembersih Lantai - Wipol,Sabun Cuci Piring - Sunlight,
50066,Kain Pel - SoftDry,Ember - AquaTuff,Alat Pel Spray - SwifterJet,Kain Lap Meja - QuickWipe,Pembersih Kaca - GlassBright,Spons Cuci - ScrubPro,
87150,Sabun Cuci Tangan - Lifebuoy,Lap Serbaguna - MicroWipe,Pel Lantai - KleanPro,Tisu Gulung - Nice,Detergen - Rinso,,
40585,Sikat WC - ToiletMate,Spons Cuci - ScrubPro,Kain Pel - SoftDry,Alat Pel Spray - SwifterJet,Sabun Cuci Piring - Sunlight,Tisu Gulung - Nice,Detergen - Rinso
85435,Pewangi Ruangan - FreshAir,Pembersih Serbaguna - Mr. Muscle,Keset - DoorMate,Pembersih Lantai - Wipol,Pel Lantai - KleanPro,Detergen - Rinso,
10923,Tempat Sampah - EcoBin,Pembersih Kaca - GlassBright,Pembersih Lantai - Wipol,,,,
53415,Sabun Cuci Piring - Sunlight,Kain Pel - SoftDry,,,,,
57274,Ember - AquaTuff,Spons Cuci - ScrubPro,Detergen - Rinso,Pembersih Lantai - Wipol,Alat Pel Spray - SwifterJet,Tempat Sampah - EcoBin,
90317,Sarung Tangan Karet - HandySafe,Pel Lantai - KleanPro,,,,,
70902,Alat Pel Spray - SwifterJet,Detergen - Rinso,Tempat Sampah - EcoBin,Keset - DoorMate,Sabun Cuci Piring - Sunlight,Pembersih Lantai - Wipol,
56619,Pewangi Ruangan - FreshAir,Kain Pel - SoftDry,Tempat Sampah - EcoBin,Ember - AquaTuff,Keset - DoorMate,Sabun Cuci Piring - Sunlight,
95426,Lap Serbaguna - MicroWipe,Sabun Cuci Tangan - Lifebuoy,Kain Lap Meja - QuickWipe,Pembersih Kaca - GlassBright,Kain Pel - SoftDry,Pembersih Lantai - Wipol,Spons Cuci - ScrubPro
28536,Kain Lap Meja - QuickWipe,Alat Pel Spray - SwifterJet,Kain Pel - SoftDry,Tisu Gulung - Nice,Keset - DoorMate,,
86350,Detergen - Rinso,Tempat Sampah - EcoBin,Sabun Cuci Tangan - Lifebuoy,Pembersih Serbaguna - Mr. Muscle,Kain Pel - SoftDry,,
71391,Kain Lap Meja - QuickWipe,Pel Lantai - KleanPro,Sikat WC - ToiletMate,,,,
14042,Kain Lap Meja - QuickWipe,Pembersih Lantai - Wipol,Spons Cuci - ScrubPro,Tisu Gulung - Nice,Detergen - Rinso,,
89061,Spons Cuci - ScrubPro,Keset - DoorMate,Pembersih Kaca - GlassBright,Sarung Tangan Karet - HandySafe,Sabun Cuci Piring - Sunlight,Kain Lap Meja - QuickWipe,
29091,Sapu - SuperClean,Spons Cuci - ScrubPro,Detergen - Rinso,Keset - DoorMate,Sabun Cuci Piring - Sunlight,Pembersih Lantai - Wipol,
58384,Sapu - SuperClean,Pel Lantai - KleanPro,Sabun Cuci Piring - Sunlight,Tempat Sampah - EcoBin,,,
11823,Keset - DoorMate,Pembersih Kaca - GlassBright,Pel Lantai - KleanPro,Pembersih Lantai - Wipol,,,
94675,Pembersih Serbaguna - Mr. Muscle,Spons Cuci - ScrubPro,Pembersih Lantai - Wipol,Sabun Cuci Piring - Sunlight,Pembersih Kaca - GlassBright,,
84308,Ember - AquaTuff,Pewangi Ruangan - FreshAir,Pembersih Lantai - Wipol,Lap Serbaguna - MicroWipe,Keset - DoorMate,Kain Lap Meja - QuickWipe,Sarung Tangan Karet - HandySafe
91575,Kain Lap Meja - QuickWipe,Pembersih Kaca - GlassBright,Alat Pel Spray - SwifterJet,Ember - AquaTuff,Sikat WC - ToiletMate,Tisu Gulung - Nice,
69143,Pembersih Serbaguna - Mr. Muscle,Kain Pel - SoftDry,,,,,
39594,Spons Cuci - ScrubPro,Ember - AquaTuff,Pembersih Lantai - Wipol,Pembersih Serbaguna - Mr. Muscle,Tisu Gulung - Nice,,
90519,Spons Cuci - ScrubPro,Kain Pel - SoftDry,Detergen - Rinso,Sarung Tangan Karet - HandySafe,Pel Lantai - KleanPro,Alat Pel Spray - SwifterJet,
81810,Sabun Cuci Tangan - Lifebuoy,Pembersih Serbaguna - Mr. Muscle,Keset - DoorMate,Pewangi Ruangan - FreshAir,,,
54767,Sapu - SuperClean,Pel Lantai - KleanPro,Sarung Tangan Karet - HandySafe,Sabun Cuci Tangan - Lifebuoy,Sikat WC - ToiletMate,Pembersih Serbaguna - Mr. Muscle,Sabun Cuci Piring - Sunlight
33556,Keset - DoorMate,Pewangi Ruangan - FreshAir,Sikat WC - ToiletMate,Spons Cuci - ScrubPro,,,
86499,Keset - DoorMate,Detergen - Rinso,Pel Lantai - KleanPro,Tempat Sampah - EcoBin,Sapu - SuperClean,Pembersih Serbaguna - Mr. Muscle,
41752,Pembersih Serbaguna - Mr. Muscle,Kain Lap Meja - QuickWipe,Pembersih Lantai - Wipol,Tempat Sampah - EcoBin,Sikat WC - ToiletMate,,
73430,Ember - AquaTuff,Tempat Sampah - EcoBin,Pembersih Serbaguna - Mr. Muscle,Sabun Cuci Piring - Sunlight,Sapu - SuperClean,Pembersih Lantai - Wipol,Detergen - Rinso
11409,Sabun Cuci Piring - Sunlight,Sapu - SuperClean,Spons Cuci - ScrubPro,Sabun Cuci Tangan - Lifebuoy,Tisu Gulung - Nice,,
94422,Sarung Tangan Karet - HandySafe,Kain Lap Meja - QuickWipe,Pewangi Ruangan - FreshAir,Pembersih Serbaguna - Mr. Muscle,,,
61087,Pembersih Kaca - GlassBright,Kain Lap Meja - QuickWipe,Alat Pel Spray - SwifterJet,Sikat WC - ToiletMate,Pembersih Lantai - Wipol,Pel Lantai - KleanPro,Sabun Cuci Piring - Sunlight
42228,Ember - AquaTuff,Sabun Cuci Tangan - Lifebuoy,Lap Serbaguna - MicroWipe,Sabun Cuci Piring - Sunlight,Sikat WC - ToiletMate,Detergen - Rinso,
